{
  "Base": {
    "h": 384.0,
    "w": 512.0
  },
  "Disp": {
    "h": 384.0,
    "w": 512.0
  },
  "FilePath": "Data\\Sprite\\Scene\\Title\\Logo.json",
  "IsLock": false,
  "LocalPosition": 0,
  "Scene": [
    "Title"
  ],
  "Stride": {
    "h": 384.0,
    "w": 512.0
  },
  "Title": {
    "0": {
      "Color": {
        "A": 1.0,
        "B": 0.9999899864196777,
        "G": 0.9999899864196777,
        "R": 1.0
      },
      "Transform": {
        "Position": {
          "x": 267.0,
          "y": -21.0,
          "z": 2.0
        },
        "Rotation": {
          "x": 0.0,
          "y": 0.0,
          "z": -0.034906573593616486
        },
        "Scale": {
          "x": 0.8999999761581421,
          "y": 0.8999999761581421,
          "z": 0.8999999761581421
        }
      },
      "UIAnimation": {
        "What": "None",
        "When": "None"
      }
    },
    "Num": 1
  }
}
